emp_id,first_name,last_name,contact,gender,age
1,Adamo,Jowett,234-595-2778,Male,32
2,Jacqueline,Kilpin,894-507-7221,Female,34
3,Michell,Henriques,578-191-6899,Female,6
4,Jorry,Rantoul,837-684-6263,Female,21
5,Noam,Cairney,328-625-1269,Male,13
6,Mommy,Silvester,844-481-6539,Female,18
7,Dyane,Askam,918-502-1890,Female,9
8,Jerome,Roff,545-522-8594,Male,39
9,Carlye,Earlam,260-366-4022,Female,18
10,Calida,Le Quesne,700-815-5576,Female,21
11,Zena,Bentz,775-121-3083,Female,5
12,Boigie,Reford,269-963-0283,Male,17
13,Harriot,Dolder,312-659-5822,Female,26
14,Gaylord,Cardoe,960-852-4593,Polygender,38
15,Perrine,Habbergham,595-663-4500,Female,47
16,Mavis,Kitteman,960-590-4979,Female,45
17,Dion,Labbez,519-290-8869,Male,10
18,Caitrin,Lysaght,157-265-1254,Female,3
19,Patrizio,Lowry,359-373-3566,Male,47
20,Wallis,Pennetti,199-174-9563,Female,9
