empid,first_name,last_name,contact,gender,age
1,Sibella,Malyj,321-717-9421,Female,30
2,Willi,Braybrook,332-695-7604,Male,40
3,Berkie,Bolmann,225-781-2357,Male,50
4,Bliss,Bannerman,364-585-0423,Female,48
5,Arney,Balasin,508-549-3290,Male,25
6,Fidela,Habishaw,820-105-5352,Female,41
7,Evelin,Campanelli,845-132-1063,Male,39
8,Wallache,Boodle,276-490-8393,Male,24
9,Sylvester,Headingham,881-485-6911,Male,27
10,Leigh,Crocetti,519-338-2065,Female,31
11,Elly,Fairney,381-748-5126,Female,23
12,Siana,Storcke,995-704-3405,Female,28
13,Casey,Rapp,112-416-6014,Female,26
14,Alberto,Janak,143-453-6964,Male,35
15,Roselle,Faro,621-271-0185,Female,38
16,Matthew,Tomsu,146-244-7558,Male,32
17,Claude,Ludlow,335-687-2766,Female,35
18,Dareen,Itzkovich,837-391-5243,Female,31
19,Verena,Binnall,977-337-5115,Female,49
20,Charyl,Hoble,235-427-9261,Female,29
